<?xml version = "1.0" ?>
<!-- List of Object Infos -->
<!-- Generated by Object Editor for Windows Explorer -->
<!-- Version 0.5 -->
<!-- Author: dcinar -->
<objectlist>
	<object id="OBJECT_AGAVE">
		<blocking>0</blocking>
		<building>0</building>
		<repellent>1</repellent>
		<animType>0</animType>
		<layer>0</layer>
		<version>3</version>
	</object>
	<object id="OBJECT_ALCHEMIST">
		<blocking>3</blocking>
		<building>1</building>
		<repellent>0</repellent>
		<animType>1</animType>
		<layer>0</layer>
		<version>5</version>
		<pingPong>1</pingPong>
	</object>
	<object id="OBJECT_BASE_MORBUS">
		<blocking>1</blocking>
		<building>1</building>
		<repellent>0</repellent>
		<animType>0</animType>
		<layer>0</layer>
		<version>10</version>
	</object>
	<object id="OBJECT_BOUNDARY">
		<blocking>0</blocking>
		<building>0</building>
		<repellent>0</repellent>
		<animType>0</animType>
		<version>1</version>
	</object>
<object id="OBJECT_BRANCH1">
	<blocking>0</blocking>
	<building>0</building>
	<repellent>0</repellent>
	<version>1</version>
</object>
<object id="OBJECT_BRANCH2">
	<blocking>0</blocking>
	<building>0</building>
	<repellent>0</repellent>
	<version>1</version>
</object>
<object id="OBJECT_BRANCH3">
	<blocking>0</blocking>
	<building>0</building>
	<repellent>0</repellent>
	<version>1</version>
</object>
<object id="OBJECT_BRANCH4">
	<blocking>0</blocking>
	<building>0</building>
	<repellent>0</repellent>
	<version>1</version>
</object>
<object id="OBJECT_BUSH1">
	<blocking>0</blocking>
	<building>0</building>
	<repellent>0</repellent>
	<version>1</version>
</object>
<object id="OBJECT_BUSH2">
	<blocking>0</blocking>
	<building>0</building>
	<repellent>0</repellent>
	<version>1</version>
</object>
<object id="OBJECT_BUSH3">
	<blocking>0</blocking>
	<building>0</building>
	<repellent>0</repellent>
	<version>1</version>
</object>
<object id="OBJECT_BUSH4">
	<blocking>0</blocking>
	<building>0</building>
	<repellent>0</repellent>
	<version>1</version>
</object>
	<object id="OBJECT_BUSH5">
		<blocking>0</blocking>
		<building>0</building>
		<repellent>0</repellent>
		<animType>0</animType>
		<layer>0</layer>
		<version>3</version>
	</object>
	<object id="OBJECT_BUSH6">
		<blocking>0</blocking>
		<building>0</building>
		<repellent>0</repellent>
		<animType>0</animType>
		<layer>0</layer>
		<version>3</version>
	</object>
	<object id="OBJECT_BUSH7">
		<blocking>0</blocking>
		<building>0</building>
		<repellent>0</repellent>
		<animType>0</animType>
		<layer>0</layer>
		<version>3</version>
	</object>
	<object id="OBJECT_BUSH8">
		<blocking>0</blocking>
		<building>0</building>
		<repellent>0</repellent>
		<animType>0</animType>
		<layer>0</layer>
		<version>3</version>
	</object>
	<object id="OBJECT_BUSH9">
		<blocking>0</blocking>
		<building>0</building>
		<repellent>0</repellent>
		<animType>0</animType>
		<layer>0</layer>
		<version>2</version>
	</object>
<object id="OBJECT_CACTUS1">
<blocking>1</blocking>
<building>1</building>
<repellent></repellent>
<version>1</version>
</object>
<object id="OBJECT_CACTUS2">
<blocking>1</blocking>
<building>1</building>
<repellent></repellent>
<version>1</version>
</object>
<object id="OBJECT_CACTUS3">
<blocking>1</blocking>
<building>1</building>
<repellent></repellent>
<version>1</version>
</object>
<object id="OBJECT_CACTUS4">
<blocking>1</blocking>
<building>1</building>
<repellent></repellent>
<version>1</version>
</object>
	<object id="OBJECT_CASTLE">
		<blocking>8</blocking>
		<building>2</building>
		<repellent>0</repellent>
		<animType>1</animType>
		<layer>0</layer>
		<version>9</version>
		<pingPong>1</pingPong>
	</object>
<object id="OBJECT_CELTICCROSS">
<blocking>2</blocking>
<building>1</building>
<repellent>0</repellent>
<version>3</version>
</object>
	<object id="OBJECT_COLOSSUS">
		<blocking>5</blocking>
		<building>1</building>
		<repellent>0</repellent>
		<animType>1</animType>
		<layer>0</layer>
		<version>7</version>
		<pingPong>1</pingPong>
	</object>
	<object id="OBJECT_COLUMNRUINS_A1">
		<blocking>1</blocking>
		<building>1</building>
		<repellent>0</repellent>
		<animType>0</animType>
		<layer>0</layer>
		<version>8</version>
	</object>
	<object id="OBJECT_COLUMNRUINS_A2">
		<blocking>1</blocking>
		<building>1</building>
		<repellent>0</repellent>
		<animType>0</animType>
		<layer>0</layer>
		<version>8</version>
	</object>
	<object id="OBJECT_COLUMNRUINS_E1">
		<blocking>2</blocking>
		<building>1</building>
		<repellent>0</repellent>
		<animType>0</animType>
		<layer>0</layer>
		<version>8</version>
	</object>
	<object id="OBJECT_COLUMNRUINS_E2">
		<blocking>2</blocking>
		<building>1</building>
		<repellent>0</repellent>
		<animType>0</animType>
		<layer>0</layer>
		<version>8</version>
	</object>
	<object id="OBJECT_COLUMNRUINS_E3">
		<blocking>2</blocking>
		<building>1</building>
		<repellent>0</repellent>
		<animType>0</animType>
		<layer>0</layer>
		<version>8</version>
	</object>
	<object id="OBJECT_COLUMNRUINS_E4">
		<blocking>2</blocking>
		<building>1</building>
		<repellent>0</repellent>
		<animType>0</animType>
		<layer>0</layer>
		<version>8</version>
	</object>
	<object id="OBJECT_COLUMNRUINS_S1">
		<blocking>3</blocking>
		<building>2</building>
		<repellent>0</repellent>
		<animType>0</animType>
		<layer>0</layer>
		<version>8</version>
	</object>
	<object id="OBJECT_COLUMNRUINS_S2">
		<blocking>1</blocking>
		<building>1</building>
		<repellent>0</repellent>
		<animType>0</animType>
		<layer>0</layer>
		<version>8</version>
	</object>
	<object id="OBJECT_COLUMNRUINS_S3">
		<blocking>2</blocking>
		<building>1</building>
		<repellent>0</repellent>
		<animType>0</animType>
		<layer>0</layer>
		<version>8</version>
	</object>
	<object id="OBJECT_COLUMNRUINS_W1">
		<blocking>2</blocking>
		<building>1</building>
		<repellent>0</repellent>
		<animType>0</animType>
		<layer>0</layer>
		<version>11</version>
	</object>
	<object id="OBJECT_COLUMNRUINS_W2">
		<blocking>2</blocking>
		<building>1</building>
		<repellent>0</repellent>
		<animType>0</animType>
		<layer>0</layer>
		<version>11</version>
	</object>
	<object id="OBJECT_COLUMNRUINS_W3">
		<blocking>2</blocking>
		<building>1</building>
		<repellent>0</repellent>
		<animType>0</animType>
		<layer>0</layer>
		<version>8</version>
	</object>
	<object id="OBJECT_COLUMNRUINS_W4">
		<blocking>2</blocking>
		<building>1</building>
		<repellent>0</repellent>
		<animType>0</animType>
		<layer>0</layer>
		<version>7</version>
	</object>
	<object id="OBJECT_DARKBUSH1">
		<blocking>0</blocking>
		<building>0</building>
		<repellent>0</repellent>
		<animType>0</animType>
		<layer>0</layer>
		<version>1</version>
	</object>
	<object id="OBJECT_DARKBUSH2">
		<blocking>0</blocking>
		<building>0</building>
		<repellent>0</repellent>
		<animType>0</animType>
		<layer>0</layer>
		<version>1</version>
	</object>
	<object id="OBJECT_DARKBUSH3">
		<blocking>0</blocking>
		<building>0</building>
		<repellent>0</repellent>
		<animType>0</animType>
		<layer>0</layer>
		<version>1</version>
	</object>
	<object id="OBJECT_DARKBUSH4">
		<blocking>0</blocking>
		<building>0</building>
		<repellent>0</repellent>
		<animType>0</animType>
		<layer>0</layer>
		<version>1</version>
	</object>
	<object id="OBJECT_DARKMINESET1">
		<blocking>2</blocking>
		<building>1</building>
		<repellent>0</repellent>
		<animType>0</animType>
		<layer>0</layer>
		<version>3</version>
	</object>
	<object id="OBJECT_DARKMINESET2">
		<blocking>2</blocking>
		<building>1</building>
		<repellent>0</repellent>
		<animType>0</animType>
		<layer>0</layer>
		<version>3</version>
	</object>
	<object id="OBJECT_DARKPOND">
		<blocking>3</blocking>
		<building>1</building>
		<repellent>0</repellent>
		<animType>1</animType>
		<layer>0</layer>
		<version>2</version>
	</object>
<object id="OBJECT_DARKROPE1">
<blocking>0</blocking>
<building>0</building>
<repellent>0</repellent>
<version>1</version>
</object>
	<object id="OBJECT_DARKSNOWMAN">
		<blocking>1</blocking>
		<building>1</building>
		<repellent>0</repellent>
		<animType>0</animType>
		<layer>0</layer>
		<version>3</version>
	</object>
	<object id="OBJECT_DARKSPITTER">
		<blocking>0</blocking>
		<building>0</building>
		<repellent>0</repellent>
		<animType>0</animType>
		<layer>0</layer>
		<version>2</version>
	</object>
	<object id="OBJECT_DARKSTONEMINE1_00">
		<blocking>2</blocking>
		<building>1</building>
		<repellent>0</repellent>
		<animType>0</animType>
		<layer>0</layer>
		<version>5</version>
	</object>
	<object id="OBJECT_DARKSTONEMINE1_01">
		<blocking>2</blocking>
		<building>1</building>
		<repellent>0</repellent>
		<animType>0</animType>
		<layer>0</layer>
		<version>5</version>
	</object>
	<object id="OBJECT_DARKSTONEMINE1_02">
		<blocking>2</blocking>
		<building>1</building>
		<repellent>0</repellent>
		<animType>0</animType>
		<layer>0</layer>
		<version>5</version>
	</object>
	<object id="OBJECT_DARKSTONEMINE1_03">
		<blocking>2</blocking>
		<building>1</building>
		<repellent>0</repellent>
		<animType>0</animType>
		<layer>0</layer>
		<version>5</version>
	</object>
	<object id="OBJECT_DARKSTONEMINE1_04">
		<blocking>2</blocking>
		<building>1</building>
		<repellent>0</repellent>
		<animType>0</animType>
		<layer>0</layer>
		<version>5</version>
	</object>
	<object id="OBJECT_DARKSTONEMINE1_05">
		<blocking>2</blocking>
		<building>1</building>
		<repellent>0</repellent>
		<animType>0</animType>
		<layer>0</layer>
		<version>5</version>
	</object>
	<object id="OBJECT_DARKSTONEMINE1_06">
		<blocking>2</blocking>
		<building>1</building>
		<repellent>0</repellent>
		<animType>0</animType>
		<layer>0</layer>
		<version>5</version>
	</object>
	<object id="OBJECT_DARKSTONEMINE1_07">
		<blocking>2</blocking>
		<building>1</building>
		<repellent>0</repellent>
		<animType>0</animType>
		<layer>0</layer>
		<version>5</version>
	</object>
	<object id="OBJECT_DARKSTONEMINE1_08">
		<blocking>2</blocking>
		<building>1</building>
		<repellent>0</repellent>
		<animType>0</animType>
		<layer>0</layer>
		<version>5</version>
	</object>
	<object id="OBJECT_DARKSTONEMINE1_09">
		<blocking>2</blocking>
		<building>1</building>
		<repellent>0</repellent>
		<animType>0</animType>
		<layer>0</layer>
		<version>5</version>
	</object>
	<object id="OBJECT_DARKSTONEMINE1_10">
		<blocking>2</blocking>
		<building>1</building>
		<repellent>0</repellent>
		<animType>0</animType>
		<layer>0</layer>
		<version>5</version>
	</object>
	<object id="OBJECT_DARKSTONEMINE1_11">
		<blocking>2</blocking>
		<building>1</building>
		<repellent>0</repellent>
		<animType>0</animType>
		<layer>0</layer>
		<version>5</version>
	</object>
	<object id="OBJECT_DARKSTONEMINE1_12">
		<blocking>2</blocking>
		<building>1</building>
		<repellent>0</repellent>
		<animType>0</animType>
		<layer>0</layer>
		<version>5</version>
	</object>
<object id="OBJECT_DARKTREE01A">
<blocking>1</blocking>
<building>1</building>
<repellent>0</repellent>
<version>2</version>
</object>
	<object id="OBJECT_DARKTREE01B">
		<blocking>1</blocking>
		<building>1</building>
		<repellent>0</repellent>
		<animType>0</animType>
		<version>2</version>
	</object>
	<object id="OBJECT_DARKTREE02A">
		<blocking>1</blocking>
		<building>1</building>
		<repellent>0</repellent>
		<animType>0</animType>
		<version>2</version>
	</object>
	<object id="OBJECT_DARKTREE02B">
		<blocking>1</blocking>
		<building>1</building>
		<repellent>0</repellent>
		<animType>0</animType>
		<version>2</version>
	</object>
	<object id="OBJECT_DARKTREE03A">
		<blocking>1</blocking>
		<building>1</building>
		<repellent>0</repellent>
		<animType>0</animType>
		<version>2</version>
	</object>
	<object id="OBJECT_DARKTREE03B">
		<blocking>1</blocking>
		<building>1</building>
		<repellent>0</repellent>
		<animType>0</animType>
		<version>2</version>
	</object>
	<object id="OBJECT_DARKTREE04A">
		<blocking>1</blocking>
		<building>1</building>
		<repellent>0</repellent>
		<animType>0</animType>
		<layer>0</layer>
		<version>2</version>
	</object>
	<object id="OBJECT_DARKTREE05A">
		<blocking>1</blocking>
		<building>1</building>
		<repellent>0</repellent>
		<animType>0</animType>
		<layer>0</layer>
		<version>1</version>
	</object>
<object id="OBJECT_DESERTBUSH1">
<blocking>0</blocking>
<building>0</building>
<repellent>0</repellent>
<version>1</version>
</object>
<object id="OBJECT_DESERTBUSH2">
<blocking>0</blocking>
<building>0</building>
<repellent>0</repellent>
<version>1</version>
</object>
<object id="OBJECT_DESERTBUSH3">
<blocking>0</blocking>
<building>0</building>
<repellent>0</repellent>
<version>1</version>
</object>
	<object id="OBJECT_EVILMUSHROOM1">
		<blocking>1</blocking>
		<building>1</building>
		<repellent>0</repellent>
		<animType>0</animType>
		<layer>0</layer>
		<version>2</version>
	</object>
	<object id="OBJECT_EVILMUSHROOM2">
		<blocking>1</blocking>
		<building>1</building>
		<repellent>0</repellent>
		<animType>0</animType>
		<layer>0</layer>
		<version>2</version>
	</object>
	<object id="OBJECT_EVILMUSHROOM3">
		<blocking>1</blocking>
		<building>1</building>
		<repellent>0</repellent>
		<animType>0</animType>
		<layer>0</layer>
		<version>2</version>
	</object>
	<object id="OBJECT_FLAG">
		<blocking>0</blocking>
		<building>0</building>
		<repellent>0</repellent>
		<animType>0</animType>
		<layer>0</layer>
		<version>4</version>
	</object>
	<!-- File M:\MasterDir\Grafix\FinalGrafix\Objects\X\Flag01\Flag01.xml: Die Datei wurde nicht gefunden. -->
	<!-- File M:\MasterDir\Grafix\FinalGrafix\Objects\X\Flag02\Flag02.xml: Die Datei wurde nicht gefunden. -->
	<!-- File M:\MasterDir\Grafix\FinalGrafix\Objects\X\Flag03\Flag03.xml: Die Datei wurde nicht gefunden. -->
	<!-- File M:\MasterDir\Grafix\FinalGrafix\Objects\X\Flag04\Flag04.xml: Die Datei wurde nicht gefunden. -->
	<!-- File M:\MasterDir\Grafix\FinalGrafix\Objects\X\Flag05\Flag05.xml: Die Datei wurde nicht gefunden. -->
	<!-- File M:\MasterDir\Grafix\FinalGrafix\Objects\X\Flag06\Flag06.xml: Die Datei wurde nicht gefunden. -->
	<!-- File M:\MasterDir\Grafix\FinalGrafix\Objects\X\Flag07\Flag07.xml: Die Datei wurde nicht gefunden. -->
	<!-- File M:\MasterDir\Grafix\FinalGrafix\Objects\X\Flag08\Flag08.xml: Die Datei wurde nicht gefunden. -->
<object id="OBJECT_FLOWER1">
<blocking>0</blocking>
<building>0</building>
<repellent>0</repellent>
<version>1</version>
</object>
<object id="OBJECT_FLOWER2">
<blocking>0</blocking>
<building>0</building>
<repellent>0</repellent>
<version>1</version>
</object>
<object id="OBJECT_FLOWER3">
<blocking>0</blocking>
<building>0</building>
<repellent>0</repellent>
<version>1</version>
</object>
<object id="OBJECT_FLOWER4">
<blocking>0</blocking>
<building>0</building>
<repellent>0</repellent>
<version>1</version>
</object>
<object id="OBJECT_FLOWER5">
<blocking>0</blocking>
<building>0</building>
<repellent>0</repellent>
<version>1</version>
</object>
<object id="OBJECT_FOLIAGE1">
<blocking>0</blocking>
<building>0</building>
<repellent>0</repellent>
<version>1</version>
</object>
<object id="OBJECT_FOLIAGE2">
<blocking>0</blocking>
<building>0</building>
<repellent>0</repellent>
<version>1</version>
</object>
<object id="OBJECT_FOLIAGE3">
<blocking>0</blocking>
<building>0</building>
<repellent>0</repellent>
<version>1</version>
</object>
	<object id="OBJECT_GATE">
		<blocking>5</blocking>
		<building>1</building>
		<repellent>0</repellent>
		<animType>1</animType>
		<layer>0</layer>
		<version>9</version>
		<pingPong>1</pingPong>
	</object>
	<object id="OBJECT_GRAPE">
		<blocking>0</blocking>
		<building>0</building>
		<repellent>1</repellent>
		<animType>0</animType>
		<layer>0</layer>
		<version>2</version>
	</object>
	<object id="OBJECT_GRASS1">
		<blocking>0</blocking>
		<building>0</building>
		<repellent>0</repellent>
		<animType>0</animType>
		<version>1</version>
	</object>
	<object id="OBJECT_GRASS10">
		<blocking>0</blocking>
		<building>0</building>
		<repellent>0</repellent>
		<animType>0</animType>
		<version>1</version>
	</object>
	<object id="OBJECT_GRASS2">
		<blocking>0</blocking>
		<building>0</building>
		<repellent>0</repellent>
		<animType>0</animType>
		<layer>0</layer>
		<version>2</version>
	</object>
	<object id="OBJECT_GRASS3">
		<blocking>0</blocking>
		<building>0</building>
		<repellent>0</repellent>
		<animType>0</animType>
		<version>1</version>
	</object>
	<object id="OBJECT_GRASS4">
		<blocking>0</blocking>
		<building>0</building>
		<repellent>0</repellent>
		<animType>0</animType>
		<version>1</version>
	</object>
	<object id="OBJECT_GRASS5">
		<blocking>0</blocking>
		<building>0</building>
		<repellent>0</repellent>
		<animType>0</animType>
		<version>1</version>
	</object>
	<object id="OBJECT_GRASS6">
		<blocking>0</blocking>
		<building>0</building>
		<repellent>0</repellent>
		<animType>0</animType>
		<layer>0</layer>
		<version>2</version>
	</object>
	<object id="OBJECT_GRASS7">
		<blocking>0</blocking>
		<building>0</building>
		<repellent>0</repellent>
		<animType>0</animType>
		<version>1</version>
	</object>
	<object id="OBJECT_GRASS8">
		<blocking>0</blocking>
		<building>0</building>
		<repellent>0</repellent>
		<animType>0</animType>
		<version>1</version>
	</object>
	<object id="OBJECT_GRASS9">
		<blocking>0</blocking>
		<building>0</building>
		<repellent>0</repellent>
		<animType>0</animType>
		<version>1</version>
	</object>
	<object id="OBJECT_GRAVE1">
		<blocking>1</blocking>
		<building>1</building>
		<repellent>0</repellent>
		<animType>0</animType>
		<layer>0</layer>
		<version>2</version>
	</object>
	<object id="OBJECT_GRAVE2">
		<blocking>1</blocking>
		<building>1</building>
		<repellent>0</repellent>
		<animType>0</animType>
		<layer>0</layer>
		<version>2</version>
	</object>
	<object id="OBJECT_HIVE">
		<blocking>1</blocking>
		<building>1</building>
		<repellent>0</repellent>
		<animType>1</animType>
		<layer>0</layer>
		<version>5</version>
	</object>
	<object id="OBJECT_MINESET1">
		<blocking>2</blocking>
		<building>1</building>
		<repellent>0</repellent>
		<animType>0</animType>
		<layer>0</layer>
		<version>1</version>
	</object>
	<object id="OBJECT_MINESET2">
		<blocking>2</blocking>
		<building>1</building>
		<repellent>0</repellent>
		<animType>0</animType>
		<layer>0</layer>
		<version>2</version>
	</object>
	<!-- File M:\MasterDir\Grafix\FinalGrafix\Objects\X\Miniflag_Player01\Miniflag_Player01.xml: Die Datei wurde nicht gefunden. -->
	<object id="OBJECT_MOAI01">
		<blocking>2</blocking>
		<building>1</building>
		<repellent>0</repellent>
		<animType>0</animType>
		<layer>0</layer>
		<version>5</version>
	</object>
	<object id="OBJECT_MOAI02">
		<blocking>4</blocking>
		<building>1</building>
		<repellent>0</repellent>
		<animType>1</animType>
		<layer>0</layer>
		<version>8</version>
		<pingPong>1</pingPong>
	</object>
<object id="OBJECT_MUSHROOM1">
<blocking>0</blocking>
<building>0</building>
<repellent>0</repellent>
<version>1</version>
</object>
<object id="OBJECT_MUSHROOM2">
<blocking>0</blocking>
<building>0</building>
<repellent>0</repellent>
<version>1</version>
</object>
<object id="OBJECT_MUSHROOM3">
<blocking>0</blocking>
<building>0</building>
<repellent>0</repellent>
<version>1</version>
</object>
	<object id="OBJECT_MUSHROOMCYCLE">
		<blocking>2</blocking>
		<building>1</building>
		<repellent>0</repellent>
		<animType>0</animType>
		<layer>0</layer>
		<version>2</version>
	</object>
	<object id="OBJECT_MUSHROOM_DARK1">
		<blocking>1</blocking>
		<building>1</building>
		<repellent>0</repellent>
		<animType>0</animType>
		<layer>0</layer>
		<version>3</version>
	</object>
	<object id="OBJECT_MUSHROOM_DARK2">
		<blocking>1</blocking>
		<building>1</building>
		<repellent>0</repellent>
		<animType>0</animType>
		<layer>0</layer>
		<version>3</version>
	</object>
	<object id="OBJECT_MUSHROOM_DARK3">
		<blocking>1</blocking>
		<building>1</building>
		<repellent>0</repellent>
		<animType>0</animType>
		<layer>0</layer>
		<version>3</version>
	</object>
<object id="OBJECT_MUSSEL1">
<blocking>0</blocking>
<building>0</building>
<repellent>0</repellent>
<version>1</version>
</object>
<object id="OBJECT_MUSSEL2">
<blocking>0</blocking>
<building>0</building>
<repellent>0</repellent>
<version>1</version>
</object>
	<!-- File M:\MasterDir\Grafix\FinalGrafix\Objects\X\NO_OBJECT\NO_OBJECT.xml: Die Datei wurde nicht gefunden. -->
	<object id="OBJECT_PALMPLANT">
		<blocking>0</blocking>
		<building>0</building>
		<repellent>0</repellent>
		<animType>0</animType>
		<layer>0</layer>
		<version>2</version>
	</object>
	<object id="OBJECT_PHAROS">
		<blocking>5</blocking>
		<building>1</building>
		<repellent>0</repellent>
		<animType>1</animType>
		<layer>0</layer>
		<version>5</version>
		<pingPong>1</pingPong>
	</object>
	<object id="OBJECT_POND">
		<blocking>3</blocking>
		<building>1</building>
		<repellent>0</repellent>
		<animType>1</animType>
		<layer>0</layer>
		<version>3</version>
		<pingPong>1</pingPong>
	</object>
<object id="OBJECT_REED1">
<blocking>0</blocking>
<building>0</building>
<repellent>0</repellent>
<version>1</version>
</object>
<object id="OBJECT_REED2">
<blocking>0</blocking>
<building>0</building>
<repellent>0</repellent>
<version>1</version>
</object>
<object id="OBJECT_REED3">
<blocking>0</blocking>
<building>0</building>
<repellent>0</repellent>
<version>1</version>
</object>
	<object id="OBJECT_REEVE1">
		<blocking>1</blocking>
		<building>1</building>
		<repellent>0</repellent>
		<animType>0</animType>
		<layer>0</layer>
		<version>2</version>
	</object>
	<object id="OBJECT_REEVE2">
		<blocking>0</blocking>
		<building>0</building>
		<repellent>0</repellent>
		<animType>0</animType>
		<version>1</version>
	</object>
	<object id="OBJECT_REEVE3">
		<blocking>1</blocking>
		<building>1</building>
		<repellent>0</repellent>
		<animType>0</animType>
		<layer>0</layer>
		<version>2</version>
	</object>
	<object id="OBJECT_REEVE4">
		<blocking>0</blocking>
		<building>0</building>
		<repellent>0</repellent>
		<animType>0</animType>
		<version>1</version>
	</object>
<object id="OBJECT_RESCOAL">
<blocking>0</blocking>
<building>0</building>
<repellent></repellent>
<version>1</version>
</object>
<object id="OBJECT_RESFISH">
<blocking>0</blocking>
<building>0</building>
<repellent></repellent>
<version>1</version>
</object>
<object id="OBJECT_RESGOLD">
<blocking>0</blocking>
<building>0</building>
<repellent></repellent>
<version>1</version>
</object>
<object id="OBJECT_RESIRON">
<blocking>0</blocking>
<building>0</building>
<repellent></repellent>
<version>1</version>
</object>
<object id="OBJECT_RESSTONE">
<blocking>0</blocking>
<building>0</building>
<repellent></repellent>
<version>1</version>
</object>
<object id="OBJECT_RESSULFUR">
<blocking>0</blocking>
<building>0</building>
<repellent></repellent>
<version>1</version>
</object>
	<object id="OBJECT_RUIN1">
		<blocking>3</blocking>
		<building>3</building>
		<repellent>0</repellent>
		<animType>1</animType>
		<layer>0</layer>
		<version>1</version>
	</object>
	<object id="OBJECT_RUNESTONE">
		<blocking>1</blocking>
		<building>1</building>
		<repellent>0</repellent>
		<animType>0</animType>
		<layer>0</layer>
		<version>3</version>
	</object>
<object id="OBJECT_SCARECROW">
<blocking>1</blocking>
<building>1</building>
<repellent></repellent>
<version>1</version>
</object>
	<object id="OBJECT_SEEWEED1">
		<blocking>0</blocking>
		<building>0</building>
		<repellent>0</repellent>
		<animType>0</animType>
		<layer>0</layer>
		<version>2</version>
	</object>
	<object id="OBJECT_SEEWEED2">
		<blocking>0</blocking>
		<building>0</building>
		<repellent>0</repellent>
		<animType>0</animType>
		<layer>0</layer>
		<version>2</version>
	</object>
	<object id="OBJECT_SEEWEED3">
		<blocking>0</blocking>
		<building>0</building>
		<repellent>0</repellent>
		<animType>0</animType>
		<layer>0</layer>
		<version>2</version>
	</object>
	<object id="OBJECT_SHADOWHERB">
		<blocking>0</blocking>
		<building>1</building>
		<repellent>0</repellent>
		<animType>0</animType>
		<layer>0</layer>
		<version>3</version>
	</object>
	<!-- File M:\MasterDir\Grafix\FinalGrafix\Objects\X\SHIELD_COAL1\SHIELD_COAL1.xml: Die Datei wurde nicht gefunden. -->
	<!-- File M:\MasterDir\Grafix\FinalGrafix\Objects\X\SHIELD_COAL2\SHIELD_COAL2.xml: Die Datei wurde nicht gefunden. -->
	<!-- File M:\MasterDir\Grafix\FinalGrafix\Objects\X\SHIELD_COAL3\SHIELD_COAL3.xml: Die Datei wurde nicht gefunden. -->
	<!-- File M:\MasterDir\Grafix\FinalGrafix\Objects\X\SHIELD_EMPTY\SHIELD_EMPTY.xml: Die Datei wurde nicht gefunden. -->
	<!-- File M:\MasterDir\Grafix\FinalGrafix\Objects\X\SHIELD_GOLD1\SHIELD_GOLD1.xml: Die Datei wurde nicht gefunden. -->
	<!-- File M:\MasterDir\Grafix\FinalGrafix\Objects\X\SHIELD_GOLD2\SHIELD_GOLD2.xml: Die Datei wurde nicht gefunden. -->
	<!-- File M:\MasterDir\Grafix\FinalGrafix\Objects\X\SHIELD_GOLD3\SHIELD_GOLD3.xml: Die Datei wurde nicht gefunden. -->
	<!-- File M:\MasterDir\Grafix\FinalGrafix\Objects\X\SHIELD_IRON1\SHIELD_IRON1.xml: Die Datei wurde nicht gefunden. -->
	<!-- File M:\MasterDir\Grafix\FinalGrafix\Objects\X\SHIELD_IRON2\SHIELD_IRON2.xml: Die Datei wurde nicht gefunden. -->
	<!-- File M:\MasterDir\Grafix\FinalGrafix\Objects\X\SHIELD_IRON3\SHIELD_IRON3.xml: Die Datei wurde nicht gefunden. -->
	<!-- File M:\MasterDir\Grafix\FinalGrafix\Objects\X\SHIELD_STONE1\SHIELD_STONE1.xml: Die Datei wurde nicht gefunden. -->
	<!-- File M:\MasterDir\Grafix\FinalGrafix\Objects\X\SHIELD_STONE2\SHIELD_STONE2.xml: Die Datei wurde nicht gefunden. -->
	<!-- File M:\MasterDir\Grafix\FinalGrafix\Objects\X\SHIELD_STONE3\SHIELD_STONE3.xml: Die Datei wurde nicht gefunden. -->
	<!-- File M:\MasterDir\Grafix\FinalGrafix\Objects\X\SHIELD_SULFUR1\SHIELD_SULFUR1.xml: Die Datei wurde nicht gefunden. -->
	<!-- File M:\MasterDir\Grafix\FinalGrafix\Objects\X\SHIELD_SULFUR2\SHIELD_SULFUR2.xml: Die Datei wurde nicht gefunden. -->
	<!-- File M:\MasterDir\Grafix\FinalGrafix\Objects\X\SHIELD_SULFUR3\SHIELD_SULFUR3.xml: Die Datei wurde nicht gefunden. -->
	<!-- File M:\MasterDir\Grafix\FinalGrafix\Objects\X\Shilds\Shilds.xml: Die Datei wurde nicht gefunden. -->
<object id="OBJECT_SKELETONDESERT1">
<blocking>0</blocking>
<building>0</building>
<repellent>0</repellent>
<version>2</version>
</object>
<object id="OBJECT_SKELETONDESERT2">
<blocking>0</blocking>
<building>0</building>
<repellent>0</repellent>
<version>2</version>
</object>
	<object id="OBJECT_SNOWMAN">
		<blocking>1</blocking>
		<building>1</building>
		<repellent>0</repellent>
		<animType>0</animType>
		<layer>0</layer>
		<version>4</version>
	</object>
	<object id="OBJECT_SPECIAL_FLOWER">
		<blocking>0</blocking>
		<building>0</building>
		<repellent>0</repellent>
		<animType>0</animType>
		<layer>0</layer>
		<version>2</version>
	</object>
	<!-- File M:\MasterDir\Grafix\FinalGrafix\Objects\X\Standarte\Standarte.xml: Die Datei wurde nicht gefunden. -->
	<!-- File M:\MasterDir\Grafix\FinalGrafix\Objects\X\Standarte_M\Standarte_M.xml: Die Datei wurde nicht gefunden. -->
	<!-- File M:\MasterDir\Grafix\FinalGrafix\Objects\X\Standarte_R\Standarte_R.xml: Die Datei wurde nicht gefunden. -->
	<!-- File M:\MasterDir\Grafix\FinalGrafix\Objects\X\Standarte_V\Standarte_V.xml: Die Datei wurde nicht gefunden. -->
<object id="OBJECT_STONEBROWNISH1">
<blocking>1</blocking>
<building>1</building>
<repellent></repellent>
<version>1</version>
</object>
<object id="OBJECT_STONEBROWNISH10">
<blocking>1</blocking>
<building>1</building>
<repellent></repellent>
<version>1</version>
</object>
<object id="OBJECT_STONEBROWNISH2">
<blocking>1</blocking>
<building>1</building>
<repellent></repellent>
<version>1</version>
</object>
<object id="OBJECT_STONEBROWNISH3">
<blocking>1</blocking>
<building>1</building>
<repellent>0</repellent>
<version>1</version>
</object>
<object id="OBJECT_STONEBROWNISH4">
<blocking>1</blocking>
<building>1</building>
<repellent>0</repellent>
<version>1</version>
</object>
<object id="OBJECT_STONEBROWNISH5">
<blocking>1</blocking>
<building>1</building>
<repellent>0</repellent>
<version>1</version>
</object>
<object id="OBJECT_STONEBROWNISH6">
<blocking>2</blocking>
<building>2</building>
<repellent>0</repellent>
<version>1</version>
</object>
<object id="OBJECT_STONEBROWNISH7">
<blocking>1</blocking>
<building>1</building>
<repellent>0</repellent>
<version>1</version>
</object>
<object id="OBJECT_STONEBROWNISH8">
<blocking>1</blocking>
<building>1</building>
<repellent>0</repellent>
<version>1</version>
</object>
	<object id="OBJECT_STONEBROWNISH9">
		<blocking>0</blocking>
		<building>0</building>
		<repellent>0</repellent>
		<animType>0</animType>
		<version>1</version>
	</object>
<object id="OBJECT_STONEDARKISH1">
<blocking>1</blocking>
<building>1</building>
<repellent>0</repellent>
<version>1</version>
</object>
<object id="OBJECT_STONEDARKISH10">
<blocking>1</blocking>
<building>1</building>
<repellent>0</repellent>
<version>1</version>
</object>
<object id="OBJECT_STONEDARKISH2">
<blocking>1</blocking>
<building>1</building>
<repellent>0</repellent>
<version>1</version>
</object>
<object id="OBJECT_STONEDARKISH3">
<blocking>1</blocking>
<building>1</building>
<repellent>0</repellent>
<version>1</version>
</object>
<object id="OBJECT_STONEDARKISH4">
<blocking>1</blocking>
<building>1</building>
<repellent>0</repellent>
<version>1</version>
</object>
<object id="OBJECT_STONEDARKISH5">
<blocking>1</blocking>
<building>1</building>
<repellent>0</repellent>
<version>1</version>
</object>
<object id="OBJECT_STONEDARKISH6">
<blocking>1</blocking>
<building>1</building>
<repellent>0</repellent>
<version>1</version>
</object>
<object id="OBJECT_STONEDARKISH7">
<blocking>1</blocking>
<building>1</building>
<repellent>0</repellent>
<version>1</version>
</object>
<object id="OBJECT_STONEDARKISH8">
<blocking>1</blocking>
<building>1</building>
<repellent>0</repellent>
<version>1</version>
</object>
<object id="OBJECT_STONEDARKISH9">
<blocking>2</blocking>
<building>2</building>
<repellent>0</repellent>
<version>1</version>
</object>
	<object id="OBJECT_STONEDARKISH_B01">
		<blocking>1</blocking>
		<building>1</building>
		<repellent>0</repellent>
		<animType>0</animType>
		<layer>0</layer>
		<version>1</version>
	</object>
	<object id="OBJECT_STONEDARKISH_B02">
		<blocking>1</blocking>
		<building>1</building>
		<repellent>0</repellent>
		<animType>0</animType>
		<layer>0</layer>
		<version>4</version>
	</object>
	<object id="OBJECT_STONEDARKISH_B03">
		<blocking>1</blocking>
		<building>1</building>
		<repellent>0</repellent>
		<animType>0</animType>
		<layer>0</layer>
		<version>1</version>
	</object>
	<object id="OBJECT_STONEDARKISH_B04">
		<blocking>1</blocking>
		<building>1</building>
		<repellent>0</repellent>
		<animType>0</animType>
		<layer>0</layer>
		<version>1</version>
	</object>
	<object id="OBJECT_STONEDARKISH_B05">
		<blocking>1</blocking>
		<building>1</building>
		<repellent>0</repellent>
		<animType>0</animType>
		<layer>0</layer>
		<version>1</version>
	</object>
	<object id="OBJECT_STONEDARKISH_B06">
		<blocking>2</blocking>
		<building>2</building>
		<repellent>0</repellent>
		<animType>0</animType>
		<layer>0</layer>
		<version>3</version>
	</object>
	<object id="OBJECT_STONEDARKISH_B07">
		<blocking>1</blocking>
		<building>1</building>
		<repellent>0</repellent>
		<animType>0</animType>
		<layer>0</layer>
		<version>1</version>
	</object>
	<object id="OBJECT_STONEDARKISH_B08">
		<blocking>1</blocking>
		<building>1</building>
		<repellent>0</repellent>
		<animType>0</animType>
		<layer>0</layer>
		<version>1</version>
	</object>
	<object id="OBJECT_STONEDARKISH_B09">
		<blocking>0</blocking>
		<building>0</building>
		<repellent>0</repellent>
		<animType>0</animType>
		<layer>0</layer>
		<version>3</version>
	</object>
	<object id="OBJECT_STONEDARKISH_B10">
		<blocking>0</blocking>
		<building>0</building>
		<repellent>0</repellent>
		<animType>0</animType>
		<layer>0</layer>
		<version>3</version>
	</object>
	<object id="OBJECT_STONEDARKISH_G01">
		<blocking>2</blocking>
		<building>2</building>
		<repellent>0</repellent>
		<animType>0</animType>
		<layer>0</layer>
		<version>3</version>
	</object>
	<object id="OBJECT_STONEDARKISH_G02">
		<blocking>1</blocking>
		<building>1</building>
		<repellent>0</repellent>
		<animType>0</animType>
		<layer>0</layer>
		<version>1</version>
	</object>
	<object id="OBJECT_STONEDARKISH_G03">
		<blocking>1</blocking>
		<building>1</building>
		<repellent>0</repellent>
		<animType>0</animType>
		<layer>0</layer>
		<version>1</version>
	</object>
	<object id="OBJECT_STONEDARKISH_G04">
		<blocking>1</blocking>
		<building>1</building>
		<repellent>0</repellent>
		<animType>0</animType>
		<layer>0</layer>
		<version>1</version>
	</object>
	<object id="OBJECT_STONEDARKISH_G05">
		<blocking>1</blocking>
		<building>1</building>
		<repellent>0</repellent>
		<animType>0</animType>
		<layer>0</layer>
		<version>1</version>
	</object>
	<object id="OBJECT_STONEDARKISH_G06">
		<blocking>1</blocking>
		<building>1</building>
		<repellent>0</repellent>
		<animType>0</animType>
		<layer>0</layer>
		<version>1</version>
	</object>
	<object id="OBJECT_STONEDARKISH_G07">
		<blocking>1</blocking>
		<building>1</building>
		<repellent>0</repellent>
		<animType>0</animType>
		<layer>0</layer>
		<version>1</version>
	</object>
	<object id="OBJECT_STONEDARKISH_G08">
		<blocking>1</blocking>
		<building>1</building>
		<repellent>0</repellent>
		<animType>0</animType>
		<layer>0</layer>
		<version>1</version>
	</object>
	<object id="OBJECT_STONEDARKISH_G09">
		<blocking>1</blocking>
		<building>1</building>
		<repellent>0</repellent>
		<animType>0</animType>
		<layer>0</layer>
		<version>1</version>
	</object>
	<object id="OBJECT_STONEDARKISH_G10">
		<blocking>1</blocking>
		<building>1</building>
		<repellent>0</repellent>
		<animType>0</animType>
		<layer>0</layer>
		<version>1</version>
	</object>
<object id="OBJECT_STONEGREYISH1">
<blocking>2</blocking>
<building>2</building>
<repellent>0</repellent>
<version>2</version>
</object>
<object id="OBJECT_STONEGREYISH10">
<blocking>1</blocking>
<building>1</building>
<repellent>0</repellent>
<version>1</version>
</object>
<object id="OBJECT_STONEGREYISH2">
<blocking>1</blocking>
<building>1</building>
<repellent>0</repellent>
<version>1</version>
</object>
<object id="OBJECT_STONEGREYISH3">
<blocking>1</blocking>
<building>1</building>
<repellent>0</repellent>
<version>1</version>
</object>
<object id="OBJECT_STONEGREYISH4">
<blocking>1</blocking>
<building>1</building>
<repellent>0</repellent>
<version>1</version>
</object>
<object id="OBJECT_STONEGREYISH5">
<blocking>1</blocking>
<building>1</building>
<repellent>0</repellent>
<version>1</version>
</object>
<object id="OBJECT_STONEGREYISH6">
<blocking>1</blocking>
<building>1</building>
<repellent>0</repellent>
<version>1</version>
</object>
<object id="OBJECT_STONEGREYISH7">
<blocking>1</blocking>
<building>1</building>
<repellent>0</repellent>
<version>1</version>
</object>
<object id="OBJECT_STONEGREYISH8">
<blocking>1</blocking>
<building>1</building>
<repellent>0</repellent>
<version>1</version>
</object>
<object id="OBJECT_STONEGREYISH9">
<blocking>1</blocking>
<building>1</building>
<repellent>0</repellent>
<version>1</version>
</object>
	<object id="OBJECT_STONEMINE1_00">
		<blocking>2</blocking>
		<building>1</building>
		<repellent>0</repellent>
		<animType>0</animType>
		<layer>0</layer>
		<version>5</version>
	</object>
	<object id="OBJECT_STONEMINE1_01">
		<blocking>2</blocking>
		<building>1</building>
		<repellent>0</repellent>
		<animType>0</animType>
		<layer>0</layer>
		<version>5</version>
	</object>
	<object id="OBJECT_STONEMINE1_02">
		<blocking>2</blocking>
		<building>1</building>
		<repellent>0</repellent>
		<animType>0</animType>
		<layer>0</layer>
		<version>5</version>
	</object>
	<object id="OBJECT_STONEMINE1_03">
		<blocking>2</blocking>
		<building>1</building>
		<repellent>0</repellent>
		<animType>0</animType>
		<layer>0</layer>
		<version>5</version>
	</object>
	<object id="OBJECT_STONEMINE1_04">
		<blocking>2</blocking>
		<building>1</building>
		<repellent>0</repellent>
		<animType>0</animType>
		<layer>0</layer>
		<version>5</version>
	</object>
	<object id="OBJECT_STONEMINE1_05">
		<blocking>2</blocking>
		<building>1</building>
		<repellent>0</repellent>
		<animType>0</animType>
		<layer>0</layer>
		<version>5</version>
	</object>
	<object id="OBJECT_STONEMINE1_06">
		<blocking>2</blocking>
		<building>1</building>
		<repellent>0</repellent>
		<animType>0</animType>
		<layer>0</layer>
		<version>5</version>
	</object>
	<object id="OBJECT_STONEMINE1_07">
		<blocking>2</blocking>
		<building>1</building>
		<repellent>0</repellent>
		<animType>0</animType>
		<layer>0</layer>
		<version>5</version>
	</object>
	<object id="OBJECT_STONEMINE1_08">
		<blocking>2</blocking>
		<building>1</building>
		<repellent>0</repellent>
		<animType>0</animType>
		<layer>0</layer>
		<version>5</version>
	</object>
	<object id="OBJECT_STONEMINE1_09">
		<blocking>2</blocking>
		<building>1</building>
		<repellent>0</repellent>
		<animType>0</animType>
		<layer>0</layer>
		<version>5</version>
	</object>
	<object id="OBJECT_STONEMINE1_10">
		<blocking>2</blocking>
		<building>1</building>
		<repellent>0</repellent>
		<animType>0</animType>
		<layer>0</layer>
		<version>6</version>
	</object>
	<object id="OBJECT_STONEMINE1_11">
		<blocking>2</blocking>
		<building>1</building>
		<repellent>0</repellent>
		<animType>0</animType>
		<layer>0</layer>
		<version>5</version>
	</object>
	<object id="OBJECT_STONEMINE1_12">
		<blocking>2</blocking>
		<building>1</building>
		<repellent>0</repellent>
		<animType>0</animType>
		<layer>0</layer>
		<version>5</version>
	</object>
	<object id="OBJECT_STONEMINE2_00">
		<blocking>2</blocking>
		<building>1</building>
		<repellent>0</repellent>
		<animType>0</animType>
		<layer>0</layer>
		<version>5</version>
	</object>
	<object id="OBJECT_STONEMINE2_01">
		<blocking>2</blocking>
		<building>1</building>
		<repellent>0</repellent>
		<animType>0</animType>
		<layer>0</layer>
		<version>5</version>
	</object>
	<object id="OBJECT_STONEMINE2_02">
		<blocking>2</blocking>
		<building>1</building>
		<repellent>0</repellent>
		<animType>0</animType>
		<layer>0</layer>
		<version>3</version>
	</object>
	<!-- File M:\MasterDir\Grafix\FinalGrafix\Objects\X\StoneMine2_03\StoneMine2_03.xml: Die Datei wurde nicht gefunden. -->
	<!-- File M:\MasterDir\Grafix\FinalGrafix\Objects\X\StoneMine2_04\StoneMine2_04.xml: Die Datei wurde nicht gefunden. -->
	<!-- File M:\MasterDir\Grafix\FinalGrafix\Objects\X\StoneMine2_05\StoneMine2_05.xml: Die Datei wurde nicht gefunden. -->
	<!-- File M:\MasterDir\Grafix\FinalGrafix\Objects\X\StoneMine2_06\StoneMine2_06.xml: Die Datei wurde nicht gefunden. -->
	<!-- File M:\MasterDir\Grafix\FinalGrafix\Objects\X\StoneMine2_07\StoneMine2_07.xml: Die Datei wurde nicht gefunden. -->
	<!-- File M:\MasterDir\Grafix\FinalGrafix\Objects\X\StoneMine2_08\StoneMine2_08.xml: Die Datei wurde nicht gefunden. -->
	<!-- File M:\MasterDir\Grafix\FinalGrafix\Objects\X\StoneMine2_09\StoneMine2_09.xml: Die Datei wurde nicht gefunden. -->
	<!-- File M:\MasterDir\Grafix\FinalGrafix\Objects\X\StoneMine2_10\StoneMine2_10.xml: Die Datei wurde nicht gefunden. -->
	<!-- File M:\MasterDir\Grafix\FinalGrafix\Objects\X\StoneMine2_11\StoneMine2_11.xml: Die Datei wurde nicht gefunden. -->
	<!-- File M:\MasterDir\Grafix\FinalGrafix\Objects\X\StoneMine2_12\StoneMine2_12.xml: Die Datei wurde nicht gefunden. -->
	<object id="OBJECT_SUNFLOWER">
		<blocking>0</blocking>
		<building>0</building>
		<repellent>1</repellent>
		<animType>0</animType>
		<layer>0</layer>
		<version>8</version>
	</object>
	<object id="OBJECT_TREE01A">
		<blocking>1</blocking>
		<building>1</building>
		<repellent>0</repellent>
		<animType>1</animType>
		<layer>0</layer>
		<version>4</version>
	</object>
	<object id="OBJECT_TREE01B">
		<blocking>1</blocking>
		<building>1</building>
		<repellent>0</repellent>
		<animType>1</animType>
		<layer>0</layer>
		<version>3</version>
	</object>
	<object id="OBJECT_TREE02A">
		<blocking>1</blocking>
		<building>1</building>
		<repellent>0</repellent>
		<animType>1</animType>
		<layer>0</layer>
		<version>3</version>
	</object>
	<object id="OBJECT_TREE02B">
		<blocking>1</blocking>
		<building>1</building>
		<repellent>0</repellent>
		<animType>1</animType>
		<layer>0</layer>
		<version>3</version>
	</object>
	<object id="OBJECT_TREE03A">
		<blocking>1</blocking>
		<building>1</building>
		<repellent>0</repellent>
		<animType>1</animType>
		<layer>0</layer>
		<version>3</version>
	</object>
	<object id="OBJECT_TREE03B">
		<blocking>1</blocking>
		<building>1</building>
		<repellent>0</repellent>
		<animType>1</animType>
		<layer>0</layer>
		<version>3</version>
	</object>
	<object id="OBJECT_TREE04A">
		<blocking>1</blocking>
		<building>1</building>
		<repellent>0</repellent>
		<animType>1</animType>
		<layer>0</layer>
		<version>4</version>
	</object>
	<object id="OBJECT_TREE04B">
		<blocking>1</blocking>
		<building>1</building>
		<repellent>0</repellent>
		<animType>1</animType>
		<layer>0</layer>
		<version>3</version>
	</object>
	<object id="OBJECT_TREE05A">
		<blocking>1</blocking>
		<building>1</building>
		<repellent>0</repellent>
		<animType>1</animType>
		<layer>0</layer>
		<version>3</version>
	</object>
	<object id="OBJECT_TREE05B">
		<blocking>1</blocking>
		<building>1</building>
		<repellent>0</repellent>
		<animType>1</animType>
		<layer>0</layer>
		<version>4</version>
	</object>
	<object id="OBJECT_TREE06A">
		<blocking>1</blocking>
		<building>1</building>
		<repellent>0</repellent>
		<animType>1</animType>
		<layer>0</layer>
		<version>3</version>
	</object>
	<object id="OBJECT_TREE06B">
		<blocking>1</blocking>
		<building>1</building>
		<repellent>0</repellent>
		<animType>1</animType>
		<layer>0</layer>
		<version>3</version>
	</object>
	<object id="OBJECT_TREE07A">
		<blocking>1</blocking>
		<building>1</building>
		<repellent>0</repellent>
		<animType>0</animType>
		<layer>0</layer>
		<version>4</version>
	</object>
	<object id="OBJECT_TREE07B">
		<blocking>1</blocking>
		<building>1</building>
		<repellent>0</repellent>
		<animType>0</animType>
		<layer>0</layer>
		<version>4</version>
	</object>
	<object id="OBJECT_TREE08A">
		<blocking>1</blocking>
		<building>1</building>
		<repellent>0</repellent>
		<animType>0</animType>
		<layer>0</layer>
		<version>15</version>
	</object>
	<object id="OBJECT_TREE08B">
		<blocking>1</blocking>
		<building>1</building>
		<repellent>0</repellent>
		<animType>0</animType>
		<layer>0</layer>
		<version>14</version>
	</object>
	<object id="OBJECT_TREE09A">
		<blocking>1</blocking>
		<building>1</building>
		<repellent>0</repellent>
		<animType>0</animType>
		<layer>0</layer>
		<version>23</version>
	</object>
	<object id="OBJECT_TREE09B">
		<blocking>1</blocking>
		<building>1</building>
		<repellent>0</repellent>
		<animType>0</animType>
		<layer>0</layer>
		<version>14</version>
	</object>
	<object id="OBJECT_TREE10A">
		<blocking>1</blocking>
		<building>1</building>
		<repellent>0</repellent>
		<animType>1</animType>
		<layer>0</layer>
		<version>34</version>
	</object>
	<object id="OBJECT_TREE10B">
		<blocking>1</blocking>
		<building>1</building>
		<repellent>0</repellent>
		<animType>1</animType>
		<layer>0</layer>
		<version>25</version>
	</object>
	<object id="OBJECT_TREE11A">
		<blocking>1</blocking>
		<building>1</building>
		<repellent>0</repellent>
		<animType>1</animType>
		<layer>0</layer>
		<version>23</version>
	</object>
	<object id="OBJECT_TREE11B">
		<blocking>1</blocking>
		<building>1</building>
		<repellent>0</repellent>
		<animType>1</animType>
		<layer>0</layer>
		<version>14</version>
	</object>
	<object id="OBJECT_TROJANHORSEDESTR">
		<blocking>3</blocking>
		<building>2</building>
		<repellent>0</repellent>
		<animType>0</animType>
		<layer>0</layer>
		<version>7</version>
	</object>
	<object id="OBJECT_TROJANHORSE_BUILD">
		<blocking>6</blocking>
		<building>2</building>
		<repellent>0</repellent>
		<animType>0</animType>
		<layer>0</layer>
		<version>6</version>
	</object>
	<object id="OBJECT_TROJANHORSE_STANDARD">
		<blocking>5</blocking>
		<building>2</building>
		<repellent>0</repellent>
		<animType>0</animType>
		<layer>0</layer>
		<version>6</version>
	</object>
<object id="OBJECT_WAGGONDESTR">
<blocking>2</blocking>
<building>2</building>
<repellent>0</repellent>
<version>1</version>
</object>
<object id="OBJECT_WATERLILY1">
<blocking>0</blocking>
<building>0</building>
<repellent>0</repellent>
<version>1</version>
</object>
<object id="OBJECT_WATERLILY2">
<blocking>0</blocking>
<building>0</building>
<repellent>0</repellent>
<version>1</version>
</object>
<object id="OBJECT_WATERLILY3">
<blocking>0</blocking>
<building>0</building>
<repellent>0</repellent>
<version>1</version>
</object>
	<!-- File M:\MasterDir\Grafix\FinalGrafix\Objects\X\Wave120x63\Wave120x63.xml: Die Datei wurde nicht gefunden. -->
	<!-- File M:\MasterDir\Grafix\FinalGrafix\Objects\X\Wave216x99\Wave216x99.xml: Die Datei wurde nicht gefunden. -->
	<!-- File M:\MasterDir\Grafix\FinalGrafix\Objects\X\Wave24x9\Wave24x9.xml: Die Datei wurde nicht gefunden. -->
	<!-- File M:\MasterDir\Grafix\FinalGrafix\Objects\X\Wave48x18\Wave48x18.xml: Die Datei wurde nicht gefunden. -->
	<!-- File M:\MasterDir\Grafix\FinalGrafix\Objects\X\Wave48x18_V1\Wave48x18_V1.xml: Die Datei wurde nicht gefunden. -->
	<!-- File M:\MasterDir\Grafix\FinalGrafix\Objects\X\Wave48x18_V2\Wave48x18_V2.xml: Die Datei wurde nicht gefunden. -->
	<!-- File M:\MasterDir\Grafix\FinalGrafix\Objects\X\Wave48x18_V3\Wave48x18_V3.xml: Die Datei wurde nicht gefunden. -->
	<!-- File M:\MasterDir\Grafix\FinalGrafix\Objects\X\Wave96x54\Wave96x54.xml: Die Datei wurde nicht gefunden. -->
	<object id="OBJECT_WAVE96X63">
		<blocking>0</blocking>
		<building>0</building>
		<repellent>0</repellent>
		<animType>0</animType>
		<layer>0</layer>
		<version>3</version>
	</object>
	<object id="OBJECT_WAVE_LAKE24X12">
		<blocking>0</blocking>
		<building>0</building>
		<repellent>0</repellent>
		<animType>0</animType>
		<layer>0</layer>
		<version>4</version>
	</object>
	<object id="OBJECT_WAVE_LAKE28X22">
		<blocking>0</blocking>
		<building>0</building>
		<repellent>0</repellent>
		<animType>0</animType>
		<layer>0</layer>
		<version>5</version>
	</object>
	<object id="OBJECT_WAVE_LAKE37X19">
		<blocking>0</blocking>
		<building>0</building>
		<repellent>0</repellent>
		<animType>0</animType>
		<layer>0</layer>
		<version>5</version>
	</object>
	<object id="OBJECT_WAVE_LAKE40X24">
		<blocking>0</blocking>
		<building>0</building>
		<repellent>0</repellent>
		<animType>0</animType>
		<layer>0</layer>
		<version>3</version>
	</object>
	<object id="OBJECT_WAVE_LAKE48X19">
		<blocking>0</blocking>
		<building>0</building>
		<repellent>0</repellent>
		<animType>0</animType>
		<layer>0</layer>
		<version>5</version>
	</object>
	<object id="OBJECT_WAVE_LAKE49X18">
		<blocking>0</blocking>
		<building>0</building>
		<repellent>0</repellent>
		<animType>0</animType>
		<layer>0</layer>
		<version>4</version>
	</object>
	<object id="OBJECT_WAVE_LAKE51X29">
		<blocking>0</blocking>
		<building>0</building>
		<repellent>0</repellent>
		<animType>0</animType>
		<layer>0</layer>
		<version>4</version>
	</object>
<object id="OBJECT_WELL">
<blocking>2</blocking>
<building>1</building>
<repellent>0</repellent>
<version>2</version>
</object>
	<object id="OBJECT_WHEAT1">
		<blocking>0</blocking>
		<building>0</building>
		<repellent>1</repellent>
		<animType>0</animType>
		<layer>0</layer>
		<version>3</version>
	</object>
	<!-- File M:\MasterDir\Grafix\FinalGrafix\Objects\X\Wheat1_old\Wheat1_old.xml: Die Datei wurde nicht gefunden. -->
	<object id="OBJECT_WHEAT2">
		<blocking>0</blocking>
		<building>0</building>
		<repellent>1</repellent>
		<animType>0</animType>
		<layer>0</layer>
		<version>3</version>
	</object>
	<object id="OBJECT_WRECK1">
		<blocking>0</blocking>
		<building>0</building>
		<repellent>0</repellent>
		<animType>0</animType>
		<version>1</version>
	</object>
<ObjectXMLVersion>1010</ObjectXMLVersion>
</objectlist>
